id,eval_d,score
0,style,4.0
0,style,0.286
0,style,4.5
0,style,4.0
0,style,4.0
0,style,4.0
0,style,4.0
0,style,4.0
0,style,4.0
0,style,4.0
0,style,4.0
0,content,4.0
0,content,2.5
0,content,4.0
0,content,4.0
0,content,4.0
0,content,4.0
0,content,2.5
0,content,1.0
0,content,2.0
0,content,2.0
0,content,4.5
0,fluency,0.571
0,fluency,4.5
0,fluency,4.5
0,fluency,4.5
0,fluency,0.875
0,fluency,4.0
0,fluency,4.0
0,fluency,4.5
0,fluency,1.0
0,fluency,4.5
0,fluency,1.0
1,style,5.0
1,style,0.857
1,style,4.5
1,style,4.0
1,style,4.0
1,style,4.5
1,style,4.0
1,style,4.0
1,style,4.0
1,style,4.0
1,style,5.0
1,content,5.0
1,content,2.5
1,content,4.0
1,content,4.0
1,content,4.0
1,content,4.0
1,content,4.0
1,content,4.5
1,content,2.0
1,content,2.0
1,content,4.5
1,fluency,0.333
1,fluency,4.5
1,fluency,4.0
1,fluency,3.5
1,fluency,0.2
1,fluency,4.0
1,fluency,3.0
1,fluency,4.0
1,fluency,1.0
1,fluency,4.5
1,fluency,4.0
2,style,4.0
2,style,0.333
2,style,4.5
2,style,4.0
2,style,4.0
2,style,4.0
2,style,4.0
2,style,4.0
2,style,4.0
2,style,4.0
2,style,4.0
2,content,4.0
2,content,4.5
2,content,5.0
2,content,4.5
2,content,5.0
2,content,4.0
2,content,4.0
2,content,4.0
2,content,2.0
2,content,2.0
2,content,4.5
2,fluency,0.857
2,fluency,4.5
2,fluency,4.0
2,fluency,3.5
2,fluency,0.286
2,fluency,3.0
2,fluency,3.5
2,fluency,4.0
2,fluency,2.0
2,fluency,4.5
2,fluency,3.0
3,style,4.0
3,style,0.333
3,style,4.5
3,style,4.0
3,style,4.0
3,style,4.0
3,style,4.0
3,style,4.0
3,style,4.0
3,style,4.5
3,style,4.0
3,content,4.0
3,content,4.5
3,content,5.0
3,content,4.5
3,content,4.0
3,content,4.0
3,content,4.0
3,content,4.0
3,content,3.0
3,content,2.0
3,content,4.5
3,fluency,0.857
3,fluency,4.5
3,fluency,4.0
3,fluency,4.5
3,fluency,0.125
3,fluency,3.0
3,fluency,4.0
3,fluency,4.0
3,fluency,1.0
3,fluency,4.5
3,fluency,4.0
4,style,4.0
4,style,0.333
4,style,4.5
4,style,4.0
4,style,4.0
4,style,4.0
4,style,4.0
4,style,4.0
4,style,4.0
4,style,4.5
4,style,4.0
4,content,4.0
4,content,2.5
4,content,5.0
4,content,4.5
4,content,4.0
4,content,4.0
4,content,4.0
4,content,4.0
4,content,2.0
4,content,2.0
4,content,4.5
4,fluency,0.857
4,fluency,4.0
4,fluency,4.0
4,fluency,4.5
4,fluency,0.5
4,fluency,4.0
4,fluency,4.0
4,fluency,4.0
4,fluency,3.0
4,fluency,5.0
4,fluency,4.0
5,style,4.0
5,style,0.857
5,style,4.5
5,style,4.0
5,style,4.0
5,style,4.5
5,style,4.0
5,style,4.0
5,style,4.0
5,style,4.0
5,style,4.0
5,content,4.0
5,content,3.5
5,content,1.0
5,content,4.0
5,content,4.0
5,content,4.0
5,content,2.0
5,content,2.0
5,content,2.0
5,content,2.0
5,content,4.5
5,fluency,0.857
5,fluency,4.5
5,fluency,4.5
5,fluency,3.5
5,fluency,0.625
5,fluency,4.0
5,fluency,3.5
5,fluency,3.0
5,fluency,2.0
5,fluency,4.5
5,fluency,2.5
6,style,5.0
6,style,0.857
6,style,4.5
6,style,4.0
6,style,4.0
6,style,4.5
6,style,4.0
6,style,4.0
6,style,4.0
6,style,4.5
6,style,4.0
6,content,4.0
6,content,3.5
6,content,4.0
6,content,4.5
6,content,4.0
6,content,4.0
6,content,2.0
6,content,2.0
6,content,2.0
6,content,2.0
6,content,4.5
6,fluency,0.857
6,fluency,4.5
6,fluency,4.5
6,fluency,4.5
6,fluency,0.625
6,fluency,4.0
6,fluency,4.5
6,fluency,4.0
6,fluency,1.0
6,fluency,4.5
6,fluency,5.0
7,style,4.0
7,style,0.0
7,style,4.0
7,style,4.0
7,style,4.0
7,style,4.0
7,style,4.5
7,style,4.0
7,style,4.0
7,style,4.5
7,style,4.0
7,content,4.0
7,content,4.5
7,content,5.0
7,content,5.0
7,content,5.0
7,content,4.0
7,content,5.0
7,content,4.0
7,content,2.0
7,content,3.0
7,content,5.0
7,fluency,1.0
7,fluency,4.5
7,fluency,4.5
7,fluency,4.5
7,fluency,0.875
7,fluency,5.0
7,fluency,4.5
7,fluency,5.0
7,fluency,3.0
7,fluency,4.5
7,fluency,5.0
8,style,4.0
8,style,0.857
8,style,4.5
8,style,4.0
8,style,4.0
8,style,4.5
8,style,4.0
8,style,4.0
8,style,4.0
8,style,4.0
8,style,4.0
8,content,4.0
8,content,2.5
8,content,4.0
8,content,4.5
8,content,4.0
8,content,4.0
8,content,4.0
8,content,4.0
8,content,2.0
8,content,2.0
8,content,4.5
8,fluency,0.875
8,fluency,4.5
8,fluency,4.0
8,fluency,4.5
8,fluency,0.625
8,fluency,4.0
8,fluency,4.5
8,fluency,3.5
8,fluency,3.0
8,fluency,4.5
8,fluency,4.5
9,style,4.0
9,style,0.857
9,style,4.0
9,style,4.0
9,style,4.0
9,style,4.0
9,style,4.5
9,style,4.0
9,style,4.0
9,style,4.0
9,style,4.0
9,content,4.0
9,content,4.5
9,content,4.0
9,content,4.5
9,content,4.0
9,content,4.0
9,content,4.0
9,content,4.0
9,content,3.0
9,content,2.0
9,content,4.5
9,fluency,0.857
9,fluency,4.5
9,fluency,4.0
9,fluency,4.5
9,fluency,0.5
9,fluency,4.0
9,fluency,4.0
9,fluency,4.0
9,fluency,2.0
9,fluency,4.5
9,fluency,4.0
10,style,5.0
10,style,0.857
10,style,4.5
10,style,5.0
10,style,5.0
10,style,4.0
10,style,4.5
10,style,4.0
10,style,4.0
10,style,5.0
10,style,4.0
10,content,4.0
10,content,2.5
10,content,5.0
10,content,4.5
10,content,2.0
10,content,4.0
10,content,1.0
10,content,1.0
10,content,2.0
10,content,2.0
10,content,4.5
10,fluency,0.333
10,fluency,4.5
10,fluency,4.0
10,fluency,4.5
10,fluency,0.333
10,fluency,4.0
10,fluency,4.0
10,fluency,3.5
10,fluency,1.0
10,fluency,4.5
10,fluency,1.0
11,style,4.0
11,style,0.857
11,style,4.5
11,style,4.0
11,style,4.0
11,style,4.0
11,style,4.0
11,style,4.0
11,style,4.0
11,style,4.5
11,style,4.0
11,content,4.0
11,content,3.5
11,content,4.0
11,content,4.0
11,content,3.0
11,content,4.0
11,content,4.0
11,content,4.5
11,content,2.0
11,content,2.0
11,content,4.5
11,fluency,0.5
11,fluency,4.5
11,fluency,4.0
11,fluency,4.5
11,fluency,0.875
11,fluency,4.0
11,fluency,4.0
11,fluency,4.0
11,fluency,1.0
11,fluency,4.5
11,fluency,4.0
12,style,4.0
12,style,0.857
12,style,4.5
12,style,4.0
12,style,4.0
12,style,4.0
12,style,4.0
12,style,4.0
12,style,4.0
12,style,4.5
12,style,4.0
12,content,4.0
12,content,3.5
12,content,4.0
12,content,4.5
12,content,5.0
12,content,4.0
12,content,4.0
12,content,4.0
12,content,2.0
12,content,2.0
12,content,4.5
12,fluency,0.857
12,fluency,4.5
12,fluency,4.0
12,fluency,4.5
12,fluency,0.625
12,fluency,4.0
12,fluency,4.0
12,fluency,4.0
12,fluency,1.0
12,fluency,4.5
12,fluency,4.0
13,style,4.0
13,style,0.5
13,style,4.5
13,style,4.0
13,style,4.0
13,style,4.0
13,style,4.0
13,style,4.0
13,style,4.0
13,style,4.5
13,style,4.0
13,content,4.0
13,content,4.5
13,content,4.0
13,content,4.5
13,content,5.0
13,content,4.0
13,content,4.0
13,content,4.0
13,content,3.0
13,content,2.0
13,content,4.5
13,fluency,0.5
13,fluency,4.5
13,fluency,4.0
13,fluency,4.5
13,fluency,0.0
13,fluency,4.0
13,fluency,-1.0
13,fluency,4.0
13,fluency,4.0
13,fluency,4.5
13,fluency,4.5
14,style,4.0
14,style,0.333
14,style,4.0
14,style,4.0
14,style,4.0
14,style,4.0
14,style,4.5
14,style,4.0
14,style,4.0
14,style,4.5
14,style,4.0
14,content,4.0
14,content,3.5
14,content,4.0
14,content,4.5
14,content,5.0
14,content,4.0
14,content,4.0
14,content,4.0
14,content,3.0
14,content,2.0
14,content,4.5
14,fluency,0.857
14,fluency,4.5
14,fluency,4.0
14,fluency,4.5
14,fluency,0.75
14,fluency,4.0
14,fluency,4.5
14,fluency,4.0
14,fluency,3.0
14,fluency,4.5
14,fluency,5.0
15,style,5.0
15,style,1.0
15,style,4.5
15,style,4.0
15,style,4.0
15,style,4.0
15,style,5.0
15,style,4.0
15,style,4.0
15,style,5.0
15,style,4.0
15,content,5.0
15,content,2.0
15,content,4.0
15,content,4.5
15,content,5.0
15,content,2.0
15,content,4.0
15,content,4.0
15,content,1.0
15,content,2.0
15,content,4.5
15,fluency,0.5
15,fluency,3.0
15,fluency,4.0
15,fluency,2.5
15,fluency,0.0
15,fluency,4.0
15,fluency,4.0
15,fluency,1.0
15,fluency,4.0
15,fluency,4.5
15,fluency,4.0
16,style,4.0
16,style,0.0
16,style,4.5
16,style,4.0
16,style,4.0
16,style,4.0
16,style,4.5
16,style,4.0
16,style,4.0
16,style,4.5
16,style,4.0
16,content,4.0
16,content,4.5
16,content,5.0
16,content,5.0
16,content,5.0
16,content,4.0
16,content,5.0
16,content,4.0
16,content,3.0
16,content,3.0
16,content,5.0
16,fluency,1.0
16,fluency,4.5
16,fluency,4.0
16,fluency,4.5
16,fluency,0.625
16,fluency,4.0
16,fluency,4.0
16,fluency,4.0
16,fluency,1.0
16,fluency,4.5
16,fluency,5.0
17,style,4.0
17,style,0.857
17,style,4.0
17,style,4.0
17,style,4.0
17,style,4.0
17,style,4.0
17,style,4.0
17,style,4.0
17,style,4.0
17,style,4.0
17,content,4.0
17,content,2.5
17,content,5.0
17,content,4.5
17,content,4.0
17,content,4.0
17,content,4.0
17,content,4.0
17,content,2.0
17,content,2.0
17,content,4.5
17,fluency,0.857
17,fluency,4.5
17,fluency,4.5
17,fluency,4.5
17,fluency,0.714
17,fluency,4.0
17,fluency,3.5
17,fluency,4.0
17,fluency,4.0
17,fluency,4.5
17,fluency,4.0
18,style,4.0
18,style,0.857
18,style,4.5
18,style,4.0
18,style,4.0
18,style,4.0
18,style,4.0
18,style,4.0
18,style,4.0
18,style,4.5
18,style,4.0
18,content,4.0
18,content,2.5
18,content,5.0
18,content,4.5
18,content,4.0
18,content,4.0
18,content,4.0
18,content,4.0
18,content,2.0
18,content,2.0
18,content,4.5
18,fluency,0.5
18,fluency,4.5
18,fluency,4.5
18,fluency,4.5
18,fluency,0.875
18,fluency,5.0
18,fluency,5.0
18,fluency,4.0
18,fluency,1.0
18,fluency,4.5
18,fluency,5.0
19,style,4.0
19,style,0.857
19,style,4.5
19,style,4.0
19,style,4.0
19,style,4.0
19,style,4.0
19,style,4.0
19,style,4.0
19,style,4.0
19,style,4.0
19,content,4.0
19,content,2.5
19,content,4.0
19,content,4.5
19,content,4.0
19,content,4.0
19,content,2.0
19,content,2.5
19,content,2.0
19,content,2.0
19,content,4.5
19,fluency,0.75
19,fluency,4.5
19,fluency,4.5
19,fluency,4.5
19,fluency,0.625
19,fluency,4.0
19,fluency,4.5
19,fluency,4.5
19,fluency,2.0
19,fluency,4.5
19,fluency,5.0
20,style,5.0
20,style,0.857
20,style,4.5
20,style,4.0
20,style,5.0
20,style,4.0
20,style,4.0
20,style,4.0
20,style,4.0
20,style,5.0
20,style,5.0
20,content,5.0
20,content,2.0
20,content,4.0
20,content,4.0
20,content,5.0
20,content,4.0
20,content,1.0
20,content,2.0
20,content,2.0
20,content,2.0
20,content,4.5
20,fluency,0.875
20,fluency,4.5
20,fluency,1.0
20,fluency,2.5
20,fluency,0.125
20,fluency,2.0
20,fluency,1.5
20,fluency,1.0
20,fluency,1.0
20,fluency,4.5
20,fluency,1.0
21,style,4.0
21,style,0.667
21,style,4.5
21,style,4.0
21,style,4.0
21,style,4.0
21,style,4.0
21,style,4.0
21,style,4.0
21,style,4.333
21,style,4.0
21,content,4.0
21,content,3.5
21,content,4.0
21,content,4.5
21,content,4.0
21,content,4.0
21,content,4.0
21,content,4.0
21,content,2.0
21,content,2.0
21,content,4.5
21,fluency,0.857
21,fluency,4.5
21,fluency,4.0
21,fluency,4.5
21,fluency,0.875
21,fluency,4.0
21,fluency,4.5
21,fluency,4.5
21,fluency,1.0
21,fluency,4.5
21,fluency,1.0
22,style,4.0
22,style,0.857
22,style,4.5
22,style,4.0
22,style,4.0
22,style,4.0
22,style,4.5
22,style,4.0
22,style,4.0
22,style,4.5
22,style,4.0
22,content,4.0
22,content,2.5
22,content,5.0
22,content,4.5
22,content,4.0
22,content,4.0
22,content,3.0
22,content,4.0
22,content,3.0
22,content,2.0
22,content,4.5
22,fluency,0.714
22,fluency,4.5
22,fluency,4.5
22,fluency,4.5
22,fluency,0.875
22,fluency,4.0
22,fluency,4.5
22,fluency,4.0
22,fluency,2.0
22,fluency,4.5
22,fluency,4.0
23,style,5.0
23,style,0.857
23,style,4.5
23,style,4.0
23,style,5.0
23,style,4.0
23,style,4.0
23,style,4.0
23,style,4.0
23,style,5.0
23,style,5.0
23,content,5.0
23,content,2.5
23,content,5.0
23,content,4.0
23,content,4.0
23,content,4.0
23,content,1.0
23,content,2.0
23,content,2.0
23,content,2.0
23,content,4.5
23,fluency,0.5
23,fluency,1.0
23,fluency,1.0
23,fluency,1.0
23,fluency,0.001
23,fluency,1.0
23,fluency,2.0
23,fluency,1.0
23,fluency,1.0
23,fluency,1.0
23,fluency,1.0
24,style,5.0
24,style,0.857
24,style,4.5
24,style,4.0
24,style,4.0
24,style,4.0
24,style,4.5
24,style,4.0
24,style,4.0
24,style,5.0
24,style,4.0
24,content,4.0
24,content,2.5
24,content,5.0
24,content,4.5
24,content,4.0
24,content,4.0
24,content,1.0
24,content,2.0
24,content,2.0
24,content,2.0
24,content,5.0
24,fluency,0.875
24,fluency,4.5
24,fluency,1.0
24,fluency,2.5
24,fluency,0.5
24,fluency,2.0
24,fluency,2.0
24,fluency,1.0
24,fluency,1.0
24,fluency,4.5
24,fluency,1.0
25,style,4.0
25,style,0.571
25,style,4.5
25,style,4.0
25,style,4.0
25,style,4.5
25,style,4.5
25,style,4.0
25,style,4.0
25,style,4.0
25,style,4.0
25,content,4.0
25,content,2.5
25,content,4.0
25,content,4.5
25,content,4.0
25,content,4.0
25,content,1.0
25,content,2.0
25,content,2.0
25,content,2.0
25,content,4.5
25,fluency,0.333
25,fluency,4.5
25,fluency,4.5
25,fluency,4.5
25,fluency,0.875
25,fluency,5.0
25,fluency,4.5
25,fluency,4.5
25,fluency,1.0
25,fluency,5.0
25,fluency,4.0
26,style,4.0
26,style,0.714
26,style,4.5
26,style,4.0
26,style,4.0
26,style,4.0
26,style,4.0
26,style,4.0
26,style,4.0
26,style,4.5
26,style,4.0
26,content,4.0
26,content,2.5
26,content,4.0
26,content,4.5
26,content,5.0
26,content,4.0
26,content,4.0
26,content,4.0
26,content,2.0
26,content,2.0
26,content,4.5
26,fluency,0.667
26,fluency,4.5
26,fluency,4.0
26,fluency,1.5
26,fluency,0.125
26,fluency,3.0
26,fluency,4.0
26,fluency,3.5
26,fluency,1.0
26,fluency,3.5
26,fluency,1.0
27,style,5.0
27,style,0.667
27,style,4.5
27,style,4.0
27,style,4.0
27,style,4.0
27,style,4.0
27,style,4.0
27,style,4.0
27,style,4.0
27,style,5.0
27,content,5.0
27,content,4.0
27,content,4.0
27,content,4.0
27,content,3.0
27,content,4.0
27,content,4.0
27,content,4.0
27,content,2.0
27,content,2.0
27,content,4.5
27,fluency,0.667
27,fluency,4.5
27,fluency,4.5
27,fluency,4.5
27,fluency,0.2
27,fluency,3.0
27,fluency,2.5
27,fluency,4.0
27,fluency,1.0
27,fluency,4.5
27,fluency,3.0
28,style,4.0
28,style,0.714
28,style,4.0
28,style,4.0
28,style,4.0
28,style,4.0
28,style,4.0
28,style,4.0
28,style,4.0
28,style,4.5
28,style,4.0
28,content,4.0
28,content,3.5
28,content,4.0
28,content,4.5
28,content,4.0
28,content,4.0
28,content,4.0
28,content,4.0
28,content,2.0
28,content,2.0
28,content,4.5
28,fluency,0.75
28,fluency,4.5
28,fluency,4.5
28,fluency,4.5
28,fluency,0.5
28,fluency,4.0
28,fluency,4.5
28,fluency,3.0
28,fluency,1.0
28,fluency,4.5
28,fluency,4.0
29,style,5.0
29,style,0.857
29,style,4.5
29,style,4.0
29,style,5.0
29,style,4.0
29,style,4.0
29,style,4.0
29,style,4.0
29,style,5.0
29,style,4.0
29,content,4.0
29,content,3.5
29,content,4.0
29,content,4.5
29,content,4.0
29,content,4.0
29,content,4.0
29,content,2.0
29,content,2.0
29,content,2.0
29,content,4.5
29,fluency,0.857
29,fluency,4.5
29,fluency,4.5
29,fluency,4.5
29,fluency,0.875
29,fluency,4.0
29,fluency,4.0
29,fluency,4.0
29,fluency,1.0
29,fluency,4.5
29,fluency,4.0
30,style,4.0
30,style,0.857
30,style,4.5
30,style,4.0
30,style,4.0
30,style,4.0
30,style,4.5
30,style,4.0
30,style,4.0
30,style,4.5
30,style,4.0
30,content,4.0
30,content,3.5
30,content,4.0
30,content,4.5
30,content,4.0
30,content,4.0
30,content,4.0
30,content,4.0
30,content,3.0
30,content,2.0
30,content,4.5
30,fluency,0.857
30,fluency,4.5
30,fluency,4.5
30,fluency,4.5
30,fluency,0.875
30,fluency,4.0
30,fluency,4.5
30,fluency,4.0
30,fluency,3.0
30,fluency,4.5
30,fluency,4.0
31,style,4.0
31,style,0.333
31,style,4.5
31,style,4.0
31,style,4.0
31,style,4.5
31,style,4.5
31,style,4.0
31,style,4.0
31,style,4.0
31,style,4.0
31,content,4.0
31,content,4.5
31,content,5.0
31,content,4.5
31,content,5.0
31,content,4.0
31,content,4.0
31,content,4.0
31,content,2.0
31,content,2.0
31,content,4.5
31,fluency,0.857
31,fluency,4.5
31,fluency,4.5
31,fluency,4.5
31,fluency,0.875
31,fluency,4.0
31,fluency,4.5
31,fluency,4.0
31,fluency,4.0
31,fluency,4.5
31,fluency,4.0
32,style,4.0
32,style,0.333
32,style,4.0
32,style,4.0
32,style,4.0
32,style,4.0
32,style,4.0
32,style,4.0
32,style,4.0
32,style,4.5
32,style,4.0
32,content,4.0
32,content,3.5
32,content,5.0
32,content,4.5
32,content,5.0
32,content,4.0
32,content,4.0
32,content,4.0
32,content,3.0
32,content,2.0
32,content,4.5
32,fluency,0.857
32,fluency,4.5
32,fluency,4.0
32,fluency,4.5
32,fluency,0.5
32,fluency,5.0
32,fluency,3.5
32,fluency,4.5
32,fluency,4.5
32,fluency,4.5
32,fluency,4.5
33,style,4.0
33,style,0.857
33,style,4.5
33,style,4.0
33,style,4.0
33,style,4.5
33,style,4.5
33,style,4.0
33,style,4.0
33,style,4.0
33,style,4.0
33,content,4.0
33,content,2.5
33,content,4.0
33,content,4.5
33,content,4.0
33,content,4.0
33,content,2.0
33,content,2.0
33,content,2.0
33,content,2.0
33,content,4.5
33,fluency,0.5
33,fluency,4.5
33,fluency,2.0
33,fluency,2.5
33,fluency,0.125
33,fluency,2.0
33,fluency,2.5
33,fluency,2.0
33,fluency,1.0
33,fluency,3.5
33,fluency,1.0
34,style,4.0
34,style,0.714
34,style,4.5
34,style,4.0
34,style,5.0
34,style,4.5
34,style,4.5
34,style,4.0
34,style,4.0
34,style,4.5
34,style,4.0
34,content,4.0
34,content,2.5
34,content,4.0
34,content,4.5
34,content,4.0
34,content,4.0
34,content,2.5
34,content,2.5
34,content,2.0
34,content,2.0
34,content,4.5
34,fluency,0.75
34,fluency,4.5
34,fluency,4.0
34,fluency,4.5
34,fluency,0.5
34,fluency,3.0
34,fluency,4.0
34,fluency,4.0
34,fluency,2.0
34,fluency,4.5
34,fluency,4.0
35,style,4.0
35,style,0.125
35,style,4.0
35,style,4.0
35,style,4.0
35,style,4.0
35,style,4.5
35,style,4.0
35,style,4.0
35,style,4.5
35,style,4.0
35,content,4.0
35,content,4.5
35,content,4.0
35,content,4.5
35,content,4.0
35,content,4.0
35,content,4.0
35,content,4.0
35,content,2.0
35,content,2.0
35,content,4.5
35,fluency,0.875
35,fluency,4.5
35,fluency,4.0
35,fluency,4.5
35,fluency,0.5
35,fluency,4.0
35,fluency,4.0
35,fluency,4.0
35,fluency,1.0
35,fluency,4.5
35,fluency,4.0
36,style,5.0
36,style,0.857
36,style,4.5
36,style,4.0
36,style,4.0
36,style,4.0
36,style,4.0
36,style,4.0
36,style,4.0
36,style,5.0
36,style,5.0
36,content,5.0
36,content,2.5
36,content,4.0
36,content,4.5
36,content,3.0
36,content,4.0
36,content,4.0
36,content,4.0
36,content,2.0
36,content,2.0
36,content,4.5
36,fluency,0.875
36,fluency,4.5
36,fluency,4.0
36,fluency,4.5
36,fluency,0.875
36,fluency,4.0
36,fluency,4.5
36,fluency,4.0
36,fluency,1.0
36,fluency,4.5
36,fluency,5.0
37,style,4.0
37,style,0.857
37,style,4.5
37,style,4.0
37,style,4.0
37,style,4.0
37,style,4.0
37,style,4.0
37,style,4.0
37,style,5.0
37,style,4.0
37,content,4.0
37,content,2.5
37,content,5.0
37,content,5.0
37,content,5.0
37,content,4.0
37,content,4.0
37,content,4.0
37,content,2.0
37,content,2.0
37,content,4.5
37,fluency,0.857
37,fluency,4.5
37,fluency,4.5
37,fluency,4.5
37,fluency,0.875
37,fluency,4.0
37,fluency,4.0
37,fluency,4.5
37,fluency,4.0
37,fluency,4.5
37,fluency,4.5
38,style,5.0
38,style,1.0
38,style,4.5
38,style,5.0
38,style,5.0
38,style,4.0
38,style,5.0
38,style,4.0
38,style,5.0
38,style,5.0
38,style,5.0
38,content,5.0
38,content,2.5
38,content,5.0
38,content,1.0
38,content,3.0
38,content,4.0
38,content,1.0
38,content,4.0
38,content,1.0
38,content,2.0
38,content,4.5
38,fluency,0.0
38,fluency,4.5
38,fluency,4.0
38,fluency,4.5
38,fluency,0.125
38,fluency,5.0
38,fluency,4.0
38,fluency,1.0
38,fluency,1.0
38,fluency,4.5
38,fluency,1.0
39,style,5.0
39,style,0.857
39,style,4.5
39,style,5.0
39,style,4.0
39,style,4.0
39,style,4.0
39,style,4.0
39,style,5.0
39,style,5.0
39,style,5.0
39,content,5.0
39,content,2.5
39,content,5.0
39,content,4.0
39,content,3.0
39,content,4.0
39,content,1.0
39,content,1.0
39,content,2.0
39,content,1.0
39,content,4.0
39,fluency,0.5
39,fluency,1.0
39,fluency,1.0
39,fluency,1.0
39,fluency,0.001
39,fluency,1.0
39,fluency,1.5
39,fluency,1.0
39,fluency,1.0
39,fluency,1.0
39,fluency,1.0
40,style,5.0
40,style,1.0
40,style,4.5
40,style,4.0
40,style,5.0
40,style,4.0
40,style,4.0
40,style,4.0
40,style,4.0
40,style,5.0
40,style,4.0
40,content,4.0
40,content,2.5
40,content,5.0
40,content,4.0
40,content,4.0
40,content,4.0
40,content,4.0
40,content,4.0
40,content,2.0
40,content,2.0
40,content,4.5
40,fluency,0.5
40,fluency,4.5
40,fluency,4.5
40,fluency,4.5
40,fluency,0.625
40,fluency,4.0
40,fluency,4.0
40,fluency,4.0
40,fluency,1.0
40,fluency,4.5
40,fluency,4.0
41,style,4.0
41,style,0.857
41,style,4.0
41,style,4.0
41,style,4.0
41,style,4.0
41,style,4.0
41,style,4.0
41,style,4.0
41,style,4.0
41,style,4.0
41,content,4.0
41,content,2.5
41,content,4.0
41,content,4.0
41,content,4.0
41,content,4.0
41,content,1.0
41,content,4.0
41,content,2.0
41,content,2.0
41,content,4.5
41,fluency,0.5
41,fluency,4.5
41,fluency,4.5
41,fluency,4.5
41,fluency,0.875
41,fluency,4.0
41,fluency,4.5
41,fluency,4.0
41,fluency,1.0
41,fluency,4.5
41,fluency,4.0
42,style,5.0
42,style,0.857
42,style,4.5
42,style,4.0
42,style,4.0
42,style,4.0
42,style,4.0
42,style,4.0
42,style,4.0
42,style,4.0
42,style,4.0
42,content,4.0
42,content,4.0
42,content,4.0
42,content,4.0
42,content,5.0
42,content,4.0
42,content,2.333
42,content,4.333
42,content,2.0
42,content,2.0
42,content,4.5
42,fluency,0.667
42,fluency,1.0
42,fluency,1.0
42,fluency,1.0
42,fluency,0.125
42,fluency,1.0
42,fluency,1.5
42,fluency,1.0
42,fluency,1.0
42,fluency,1.0
42,fluency,1.0
43,style,4.0
43,style,0.333
43,style,4.5
43,style,4.0
43,style,4.0
43,style,4.0
43,style,4.0
43,style,4.0
43,style,4.0
43,style,4.0
43,style,4.0
43,content,4.0
43,content,3.5
43,content,4.0
43,content,4.5
43,content,5.0
43,content,4.0
43,content,4.0
43,content,4.0
43,content,2.0
43,content,2.0
43,content,4.5
43,fluency,0.857
43,fluency,4.5
43,fluency,4.0
43,fluency,4.5
43,fluency,0.875
43,fluency,4.0
43,fluency,4.5
43,fluency,4.0
43,fluency,3.0
43,fluency,4.5
43,fluency,5.0
44,style,4.0
44,style,0.857
44,style,4.5
44,style,4.0
44,style,4.0
44,style,4.0
44,style,4.0
44,style,4.0
44,style,4.0
44,style,4.5
44,style,4.0
44,content,4.0
44,content,2.5
44,content,5.0
44,content,5.0
44,content,5.0
44,content,4.0
44,content,4.0
44,content,4.0
44,content,2.0
44,content,2.0
44,content,4.5
44,fluency,1.0
44,fluency,4.5
44,fluency,4.5
44,fluency,4.5
44,fluency,0.875
44,fluency,5.0
44,fluency,4.0
44,fluency,4.0
44,fluency,1.0
44,fluency,4.5
44,fluency,4.0
45,style,5.0
45,style,0.857
45,style,4.5
45,style,5.0
45,style,5.0
45,style,4.5
45,style,4.5
45,style,4.0
45,style,4.0
45,style,5.0
45,style,5.0
45,content,5.0
45,content,2.5
45,content,5.0
45,content,4.5
45,content,3.0
45,content,4.0
45,content,1.0
45,content,2.5
45,content,2.0
45,content,2.0
45,content,5.0
45,fluency,0.333
45,fluency,4.5
45,fluency,5.0
45,fluency,4.5
45,fluency,0.875
45,fluency,5.0
45,fluency,4.5
45,fluency,4.0
45,fluency,1.0
45,fluency,5.0
45,fluency,4.0
46,style,4.0
46,style,0.857
46,style,4.5
46,style,4.0
46,style,4.0
46,style,4.0
46,style,4.0
46,style,4.0
46,style,4.0
46,style,5.0
46,style,4.0
46,content,4.0
46,content,3.5
46,content,4.0
46,content,4.5
46,content,4.0
46,content,4.0
46,content,2.0
46,content,2.0
46,content,2.0
46,content,2.0
46,content,4.5
46,fluency,0.875
46,fluency,4.5
46,fluency,4.5
46,fluency,4.5
46,fluency,0.875
46,fluency,4.0
46,fluency,4.0
46,fluency,4.0
46,fluency,3.0
46,fluency,4.5
46,fluency,4.0
47,style,4.0
47,style,0.0
47,style,4.0
47,style,4.0
47,style,4.0
47,style,4.0
47,style,4.0
47,style,4.0
47,style,4.0
47,style,4.0
47,style,4.0
47,content,4.0
47,content,4.0
47,content,4.0
47,content,4.5
47,content,5.0
47,content,4.0
47,content,4.0
47,content,4.0
47,content,3.0
47,content,2.0
47,content,4.5
47,fluency,0.857
47,fluency,4.5
47,fluency,4.5
47,fluency,4.5
47,fluency,0.75
47,fluency,4.0
47,fluency,4.0
47,fluency,4.0
47,fluency,4.0
47,fluency,4.5
47,fluency,5.0
48,style,4.0
48,style,0.5
48,style,4.0
48,style,4.0
48,style,4.0
48,style,4.0
48,style,4.5
48,style,4.0
48,style,4.0
48,style,4.5
48,style,4.0
48,content,4.0
48,content,3.5
48,content,4.0
48,content,4.5
48,content,5.0
48,content,4.0
48,content,4.0
48,content,4.0
48,content,4.0
48,content,2.0
48,content,4.5
48,fluency,0.5
48,fluency,4.5
48,fluency,4.5
48,fluency,4.5
48,fluency,0.875
48,fluency,4.0
48,fluency,5.0
48,fluency,4.0
48,fluency,5.0
48,fluency,4.5
48,fluency,-1.0
49,style,4.0
49,style,0.333
49,style,4.5
49,style,4.0
49,style,4.0
49,style,4.0
49,style,4.5
49,style,4.0
49,style,4.0
49,style,4.0
49,style,4.0
49,content,4.0
49,content,2.5
49,content,4.0
49,content,4.5
49,content,4.0
49,content,4.0
49,content,4.0
49,content,4.0
49,content,2.0
49,content,2.0
49,content,4.5
49,fluency,0.5
49,fluency,4.5
49,fluency,4.5
49,fluency,4.5
49,fluency,0.875
49,fluency,4.0
49,fluency,4.0
49,fluency,4.5
49,fluency,3.0
49,fluency,4.5
49,fluency,4.0
50,style,4.0
50,style,0.857
50,style,4.0
50,style,4.0
50,style,4.0
50,style,4.0
50,style,4.0
50,style,4.0
50,style,4.0
50,style,4.0
50,style,4.0
50,content,4.0
50,content,3.5
50,content,4.0
50,content,4.5
50,content,4.0
50,content,4.0
50,content,4.0
50,content,4.0
50,content,2.0
50,content,2.0
50,content,4.5
50,fluency,0.857
50,fluency,4.5
50,fluency,4.5
50,fluency,2.5
50,fluency,0.125
50,fluency,3.0
50,fluency,3.5
50,fluency,2.5
50,fluency,2.0
50,fluency,2.5
50,fluency,3.0
51,style,4.0
51,style,0.0
51,style,4.5
51,style,4.0
51,style,4.0
51,style,4.0
51,style,4.0
51,style,4.0
51,style,4.0
51,style,4.0
51,style,4.0
51,content,4.0
51,content,3.5
51,content,4.0
51,content,4.5
51,content,4.0
51,content,4.0
51,content,4.0
51,content,4.0
51,content,2.0
51,content,2.0
51,content,4.5
51,fluency,0.5
51,fluency,4.5
51,fluency,4.0
51,fluency,4.5
51,fluency,0.875
51,fluency,4.0
51,fluency,4.0
51,fluency,4.5
51,fluency,1.0
51,fluency,4.5
51,fluency,4.0
52,style,5.0
52,style,1.0
52,style,4.0
52,style,5.0
52,style,5.0
52,style,4.0
52,style,5.0
52,style,4.0
52,style,5.0
52,style,5.0
52,style,5.0
52,content,5.0
52,content,4.0
52,content,5.0
52,content,4.0
52,content,5.0
52,content,4.0
52,content,1.0
52,content,2.0
52,content,2.0
52,content,2.0
52,content,5.0
52,fluency,0.875
52,fluency,4.5
52,fluency,1.0
52,fluency,4.5
52,fluency,0.125
52,fluency,4.0
52,fluency,1.5
52,fluency,1.0
52,fluency,1.0
52,fluency,4.5
52,fluency,1.0
53,style,4.0
53,style,0.857
53,style,4.5
53,style,4.0
53,style,4.0
53,style,4.5
53,style,4.5
53,style,4.0
53,style,4.0
53,style,4.5
53,style,4.0
53,content,4.0
53,content,2.5
53,content,4.0
53,content,4.5
53,content,4.0
53,content,4.0
53,content,2.5
53,content,4.0
53,content,2.0
53,content,2.0
53,content,4.5
53,fluency,0.857
53,fluency,4.0
53,fluency,4.0
53,fluency,1.5
53,fluency,0.2
53,fluency,2.0
53,fluency,3.0
53,fluency,4.0
53,fluency,1.0
53,fluency,4.5
53,fluency,3.0
54,style,1.0
54,style,0.111
54,style,2.0
54,style,1.0
54,style,1.0
54,style,1.0
54,style,4.0
54,style,3.0
54,style,3.0
54,style,1.0
54,style,1.0
54,content,1.0
54,content,3.5
54,content,5.0
54,content,5.0
54,content,5.0
54,content,1.0
54,content,5.0
54,content,5.0
54,content,3.0
54,content,3.0
54,content,5.0
54,fluency,1.0
54,fluency,4.5
54,fluency,4.5
54,fluency,4.5
54,fluency,0.875
54,fluency,4.0
54,fluency,4.0
54,fluency,4.5
54,fluency,4.0
54,fluency,4.5
54,fluency,4.0
55,style,5.0
55,style,0.857
55,style,4.0
55,style,4.0
55,style,4.0
55,style,4.0
55,style,4.0
55,style,4.0
55,style,4.0
55,style,5.0
55,style,4.0
55,content,4.0
55,content,2.5
55,content,4.0
55,content,4.0
55,content,5.0
55,content,4.0
55,content,4.0
55,content,4.0
55,content,2.0
55,content,2.0
55,content,4.5
55,fluency,0.875
55,fluency,4.5
55,fluency,4.5
55,fluency,4.5
55,fluency,0.875
55,fluency,4.0
55,fluency,4.0
55,fluency,4.0
55,fluency,1.0
55,fluency,4.5
55,fluency,4.5
56,style,4.0
56,style,0.714
56,style,4.5
56,style,4.0
56,style,4.0
56,style,4.5
56,style,4.0
56,style,4.0
56,style,4.0
56,style,4.0
56,style,4.0
56,content,4.0
56,content,2.5
56,content,4.0
56,content,4.0
56,content,4.0
56,content,4.0
56,content,2.0
56,content,2.5
56,content,2.0
56,content,2.0
56,content,4.5
56,fluency,0.5
56,fluency,4.5
56,fluency,4.5
56,fluency,4.5
56,fluency,0.875
56,fluency,4.0
56,fluency,4.0
56,fluency,4.0
56,fluency,1.0
56,fluency,4.5
56,fluency,3.0
57,style,4.0
57,style,0.714
57,style,4.0
57,style,4.0
57,style,4.0
57,style,4.0
57,style,4.0
57,style,4.0
57,style,4.0
57,style,4.5
57,style,4.0
57,content,4.0
57,content,3.5
57,content,4.0
57,content,4.5
57,content,4.0
57,content,4.0
57,content,4.0
57,content,2.5
57,content,2.0
57,content,2.0
57,content,4.5
57,fluency,0.75
57,fluency,4.5
57,fluency,2.0
57,fluency,3.5
57,fluency,0.5
57,fluency,4.0
57,fluency,4.5
57,fluency,3.0
57,fluency,2.0
57,fluency,4.5
57,fluency,2.0
58,style,4.0
58,style,0.333
58,style,4.5
58,style,4.0
58,style,4.0
58,style,4.0
58,style,4.0
58,style,4.0
58,style,4.0
58,style,4.5
58,style,4.0
58,content,4.0
58,content,4.5
58,content,4.0
58,content,4.5
58,content,4.0
58,content,4.0
58,content,4.0
58,content,4.0
58,content,3.0
58,content,2.0
58,content,4.5
58,fluency,0.75
58,fluency,4.5
58,fluency,4.5
58,fluency,4.5
58,fluency,0.75
58,fluency,4.0
58,fluency,4.0
58,fluency,4.0
58,fluency,2.0
58,fluency,4.5
58,fluency,3.0
59,style,5.0
59,style,1.0
59,style,4.5
59,style,5.0
59,style,4.0
59,style,4.0
59,style,4.0
59,style,4.0
59,style,4.0
59,style,5.0
59,style,4.0
59,content,4.0
59,content,4.5
59,content,5.0
59,content,5.0
59,content,5.0
59,content,4.0
59,content,4.0
59,content,4.0
59,content,2.0
59,content,2.0
59,content,5.0
59,fluency,0.875
59,fluency,4.5
59,fluency,4.5
59,fluency,4.5
59,fluency,0.5
59,fluency,4.0
59,fluency,4.5
59,fluency,1.0
59,fluency,1.0
59,fluency,4.5
59,fluency,5.0
60,style,4.0
60,style,0.333
60,style,4.5
60,style,4.0
60,style,4.0
60,style,4.0
60,style,4.5
60,style,4.0
60,style,4.0
60,style,4.5
60,style,4.0
60,content,4.0
60,content,2.5
60,content,4.0
60,content,4.5
60,content,4.0
60,content,4.0
60,content,4.0
60,content,4.0
60,content,2.0
60,content,2.0
60,content,4.5
60,fluency,0.5
60,fluency,4.5
60,fluency,4.5
60,fluency,4.5
60,fluency,0.875
60,fluency,4.0
60,fluency,4.5
60,fluency,4.0
60,fluency,1.0
60,fluency,4.5
60,fluency,4.0
61,style,4.0
61,style,0.714
61,style,4.5
61,style,4.0
61,style,4.0
61,style,4.0
61,style,4.0
61,style,4.0
61,style,4.0
61,style,4.5
61,style,4.0
61,content,4.0
61,content,2.5
61,content,4.0
61,content,4.5
61,content,4.0
61,content,4.0
61,content,4.0
61,content,4.0
61,content,2.0
61,content,2.0
61,content,4.5
61,fluency,0.857
61,fluency,4.5
61,fluency,4.0
61,fluency,4.5
61,fluency,0.5
61,fluency,4.0
61,fluency,4.5
61,fluency,4.0
61,fluency,2.0
61,fluency,4.5
61,fluency,4.0
62,style,4.0
62,style,0.143
62,style,2.5
62,style,4.0
62,style,4.0
62,style,4.0
62,style,4.5
62,style,4.0
62,style,4.0
62,style,4.5
62,style,4.0
62,content,4.0
62,content,2.5
62,content,5.0
62,content,4.5
62,content,4.0
62,content,4.0
62,content,4.0
62,content,4.0
62,content,3.0
62,content,3.0
62,content,4.5
62,fluency,0.875
62,fluency,4.5
62,fluency,5.0
62,fluency,4.5
62,fluency,0.875
62,fluency,4.0
62,fluency,4.5
62,fluency,4.5
62,fluency,5.0
62,fluency,4.5
62,fluency,-1.0
63,style,4.0
63,style,0.714
63,style,4.5
63,style,4.0
63,style,4.0
63,style,4.5
63,style,4.5
63,style,4.0
63,style,4.0
63,style,4.5
63,style,4.0
63,content,4.0
63,content,3.5
63,content,5.0
63,content,4.5
63,content,4.0
63,content,4.0
63,content,2.0
63,content,2.0
63,content,2.0
63,content,2.0
63,content,4.5
63,fluency,0.5
63,fluency,4.5
63,fluency,4.5
63,fluency,4.5
63,fluency,0.875
63,fluency,4.0
63,fluency,4.0
63,fluency,4.5
63,fluency,1.0
63,fluency,4.5
63,fluency,4.0
64,style,4.0
64,style,0.857
64,style,4.0
64,style,4.0
64,style,4.0
64,style,4.0
64,style,4.0
64,style,4.0
64,style,4.0
64,style,4.0
64,style,4.0
64,content,4.0
64,content,2.5
64,content,5.0
64,content,4.5
64,content,4.0
64,content,4.0
64,content,4.0
64,content,4.5
64,content,2.0
64,content,2.0
64,content,4.5
64,fluency,0.857
64,fluency,4.5
64,fluency,4.5
64,fluency,1.5
64,fluency,0.333
64,fluency,2.0
64,fluency,4.5
64,fluency,4.0
64,fluency,1.0
64,fluency,4.5
64,fluency,1.0
65,style,4.0
65,style,0.333
65,style,4.5
65,style,4.0
65,style,4.0
65,style,4.5
65,style,4.0
65,style,4.0
65,style,4.0
65,style,4.0
65,style,4.0
65,content,4.0
65,content,2.5
65,content,4.0
65,content,4.5
65,content,4.0
65,content,4.0
65,content,2.0
65,content,2.0
65,content,2.0
65,content,2.0
65,content,4.5
65,fluency,0.75
65,fluency,4.5
65,fluency,4.0
65,fluency,4.5
65,fluency,0.5
65,fluency,4.0
65,fluency,4.0
65,fluency,4.0
65,fluency,3.0
65,fluency,4.5
65,fluency,4.0
66,style,4.0
66,style,0.857
66,style,4.0
66,style,4.0
66,style,4.0
66,style,4.5
66,style,4.5
66,style,4.0
66,style,4.0
66,style,4.5
66,style,4.0
66,content,4.0
66,content,2.5
66,content,4.0
66,content,4.5
66,content,4.0
66,content,4.0
66,content,2.0
66,content,2.0
66,content,2.0
66,content,2.0
66,content,4.5
66,fluency,0.875
66,fluency,4.5
66,fluency,4.0
66,fluency,4.5
66,fluency,0.5
66,fluency,4.0
66,fluency,4.5
66,fluency,4.0
66,fluency,1.0
66,fluency,4.5
66,fluency,4.0
67,style,5.0
67,style,0.857
67,style,4.5
67,style,5.0
67,style,5.0
67,style,4.0
67,style,4.0
67,style,4.0
67,style,5.0
67,style,5.0
67,style,5.0
67,content,5.0
67,content,2.5
67,content,5.0
67,content,4.5
67,content,3.0
67,content,4.0
67,content,4.0
67,content,4.0
67,content,2.0
67,content,2.0
67,content,4.5
67,fluency,0.0
67,fluency,4.5
67,fluency,4.0
67,fluency,4.5
67,fluency,0.2
67,fluency,4.0
67,fluency,4.0
67,fluency,1.0
67,fluency,1.0
67,fluency,4.5
67,fluency,1.0
68,style,4.0
68,style,0.333
68,style,4.5
68,style,4.0
68,style,4.0
68,style,4.0
68,style,4.0
68,style,4.0
68,style,4.0
68,style,4.0
68,style,4.0
68,content,4.0
68,content,4.5
68,content,5.0
68,content,4.5
68,content,5.0
68,content,4.0
68,content,4.0
68,content,4.0
68,content,2.0
68,content,2.0
68,content,4.5
68,fluency,0.667
68,fluency,4.5
68,fluency,4.0
68,fluency,4.5
68,fluency,0.75
68,fluency,4.0
68,fluency,4.0
68,fluency,3.0
68,fluency,3.0
68,fluency,4.5
68,fluency,4.0
69,style,4.0
69,style,0.857
69,style,4.5
69,style,4.0
69,style,4.0
69,style,4.0
69,style,4.0
69,style,4.0
69,style,4.0
69,style,4.0
69,style,4.0
69,content,4.0
69,content,2.5
69,content,5.0
69,content,4.5
69,content,4.0
69,content,4.0
69,content,4.0
69,content,4.0
69,content,1.0
69,content,2.0
69,content,4.5
69,fluency,0.875
69,fluency,4.5
69,fluency,4.5
69,fluency,4.5
69,fluency,0.875
69,fluency,4.0
69,fluency,4.0
69,fluency,4.5
69,fluency,1.0
69,fluency,4.5
69,fluency,4.0
70,style,4.0
70,style,0.857
70,style,4.5
70,style,4.0
70,style,4.0
70,style,4.5
70,style,4.5
70,style,4.0
70,style,4.0
70,style,4.5
70,style,4.0
70,content,4.0
70,content,3.5
70,content,5.0
70,content,4.5
70,content,4.0
70,content,4.0
70,content,4.0
70,content,4.0
70,content,2.0
70,content,2.0
70,content,4.5
70,fluency,0.857
70,fluency,4.5
70,fluency,4.5
70,fluency,4.5
70,fluency,0.75
70,fluency,4.0
70,fluency,4.5
70,fluency,4.5
70,fluency,4.0
70,fluency,4.5
70,fluency,4.5
71,style,4.0
71,style,0.857
71,style,4.5
71,style,4.0
71,style,4.0
71,style,4.5
71,style,4.0
71,style,4.0
71,style,4.0
71,style,4.5
71,style,4.0
71,content,4.0
71,content,4.5
71,content,5.0
71,content,4.5
71,content,4.0
71,content,4.0
71,content,4.0
71,content,4.0
71,content,2.0
71,content,2.0
71,content,4.5
71,fluency,0.857
71,fluency,4.5
71,fluency,4.5
71,fluency,4.5
71,fluency,0.875
71,fluency,4.0
71,fluency,4.5
71,fluency,4.5
71,fluency,4.0
71,fluency,4.5
71,fluency,4.0
72,style,4.0
72,style,0.857
72,style,4.0
72,style,4.0
72,style,4.0
72,style,4.0
72,style,4.5
72,style,4.0
72,style,4.0
72,style,4.5
72,style,4.0
72,content,4.0
72,content,2.5
72,content,4.0
72,content,4.5
72,content,5.0
72,content,4.0
72,content,4.0
72,content,4.0
72,content,2.0
72,content,2.0
72,content,4.5
72,fluency,0.857
72,fluency,4.5
72,fluency,2.0
72,fluency,2.5
72,fluency,0.125
72,fluency,3.0
72,fluency,2.5
72,fluency,2.0
72,fluency,1.0
72,fluency,4.5
72,fluency,4.0
73,style,5.0
73,style,0.857
73,style,4.5
73,style,5.0
73,style,4.0
73,style,4.5
73,style,4.0
73,style,4.0
73,style,4.0
73,style,4.5
73,style,4.0
73,content,4.0
73,content,2.5
73,content,4.0
73,content,4.5
73,content,4.0
73,content,4.0
73,content,2.0
73,content,2.0
73,content,1.0
73,content,2.0
73,content,4.5
73,fluency,0.75
73,fluency,4.0
73,fluency,4.5
73,fluency,4.5
73,fluency,0.5
73,fluency,4.0
73,fluency,2.5
73,fluency,4.5
73,fluency,1.0
73,fluency,4.5
73,fluency,4.0
74,style,5.0
74,style,0.857
74,style,4.5
74,style,4.0
74,style,4.0
74,style,4.0
74,style,4.0
74,style,4.0
74,style,4.0
74,style,4.0
74,style,4.0
74,content,4.0
74,content,3.5
74,content,4.0
74,content,4.0
74,content,4.0
74,content,4.0
74,content,2.0
74,content,2.0
74,content,2.0
74,content,2.0
74,content,4.5
74,fluency,0.5
74,fluency,4.5
74,fluency,4.0
74,fluency,4.5
74,fluency,0.75
74,fluency,4.0
74,fluency,4.5
74,fluency,4.0
74,fluency,4.0
74,fluency,4.5
74,fluency,4.0
75,style,5.0
75,style,0.857
75,style,4.5
75,style,4.0
75,style,5.0
75,style,4.0
75,style,4.0
75,style,4.0
75,style,4.0
75,style,5.0
75,style,5.0
75,content,5.0
75,content,2.5
75,content,5.0
75,content,4.0
75,content,3.0
75,content,4.0
75,content,1.0
75,content,1.0
75,content,2.0
75,content,2.0
75,content,4.5
75,fluency,0.0
75,fluency,4.5
75,fluency,4.0
75,fluency,4.5
75,fluency,0.125
75,fluency,4.0
75,fluency,4.5
75,fluency,4.5
75,fluency,1.0
75,fluency,4.5
75,fluency,1.0
76,style,4.0
76,style,0.714
76,style,4.5
76,style,4.0
76,style,4.0
76,style,4.0
76,style,4.5
76,style,4.0
76,style,4.0
76,style,4.5
76,style,4.0
76,content,4.0
76,content,3.5
76,content,4.0
76,content,4.5
76,content,5.0
76,content,2.0
76,content,4.0
76,content,4.0
76,content,2.0
76,content,2.0
76,content,4.5
76,fluency,0.875
76,fluency,4.5
76,fluency,4.5
76,fluency,4.5
76,fluency,0.875
76,fluency,4.0
76,fluency,4.5
76,fluency,4.5
76,fluency,1.0
76,fluency,4.5
76,fluency,4.0
77,style,5.0
77,style,0.857
77,style,4.5
77,style,5.0
77,style,5.0
77,style,4.0
77,style,4.0
77,style,4.0
77,style,4.0
77,style,5.0
77,style,4.0
77,content,4.0
77,content,2.5
77,content,5.0
77,content,4.0
77,content,4.0
77,content,4.0
77,content,1.0
77,content,1.0
77,content,2.0
77,content,2.0
77,content,4.5
77,fluency,0.5
77,fluency,3.5
77,fluency,4.0
77,fluency,4.5
77,fluency,0.125
77,fluency,4.0
77,fluency,4.0
77,fluency,1.0
77,fluency,1.0
77,fluency,4.5
77,fluency,1.0
78,style,5.0
78,style,0.857
78,style,4.5
78,style,4.0
78,style,4.0
78,style,4.0
78,style,4.0
78,style,4.0
78,style,4.0
78,style,5.0
78,style,4.0
78,content,4.0
78,content,2.5
78,content,5.0
78,content,4.5
78,content,3.0
78,content,4.0
78,content,2.0
78,content,2.0
78,content,2.0
78,content,2.0
78,content,4.5
78,fluency,0.5
78,fluency,4.5
78,fluency,4.5
78,fluency,4.5
78,fluency,0.875
78,fluency,4.0
78,fluency,4.5
78,fluency,4.0
78,fluency,1.0
78,fluency,4.5
78,fluency,4.0
79,style,4.0
79,style,0.5
79,style,2.0
79,style,4.0
79,style,4.0
79,style,4.0
79,style,4.5
79,style,4.0
79,style,4.0
79,style,4.5
79,style,4.0
79,content,4.0
79,content,3.5
79,content,4.0
79,content,4.5
79,content,4.0
79,content,4.0
79,content,4.0
79,content,4.0
79,content,2.0
79,content,2.0
79,content,5.0
79,fluency,0.5
79,fluency,4.5
79,fluency,4.0
79,fluency,4.5
79,fluency,0.75
79,fluency,4.0
79,fluency,4.5
79,fluency,4.0
79,fluency,4.0
79,fluency,4.5
79,fluency,4.0
80,style,5.0
80,style,1.0
80,style,4.0
80,style,5.0
80,style,5.0
80,style,4.0
80,style,5.0
80,style,4.0
80,style,5.0
80,style,5.0
80,style,5.0
80,content,5.0
80,content,3.0
80,content,5.0
80,content,5.0
80,content,1.0
80,content,4.0
80,content,4.0
80,content,4.0
80,content,2.0
80,content,2.0
80,content,5.0
80,fluency,0.0
80,fluency,1.0
80,fluency,1.0
80,fluency,1.0
80,fluency,0.125
80,fluency,1.0
80,fluency,1.5
80,fluency,1.0
80,fluency,1.0
80,fluency,5.0
80,fluency,1.0
81,style,4.0
81,style,0.333
81,style,4.5
81,style,4.0
81,style,4.0
81,style,4.0
81,style,4.5
81,style,4.0
81,style,4.0
81,style,4.0
81,style,4.0
81,content,4.0
81,content,4.5
81,content,5.0
81,content,4.5
81,content,4.0
81,content,4.0
81,content,4.0
81,content,4.0
81,content,2.0
81,content,2.0
81,content,4.5
81,fluency,0.5
81,fluency,4.5
81,fluency,4.0
81,fluency,4.5
81,fluency,0.857
81,fluency,5.0
81,fluency,4.0
81,fluency,4.5
81,fluency,1.0
81,fluency,4.5
81,fluency,4.0
82,style,4.0
82,style,0.333
82,style,4.5
82,style,4.0
82,style,4.0
82,style,4.5
82,style,4.0
82,style,4.0
82,style,4.0
82,style,4.0
82,style,4.0
82,content,4.0
82,content,4.5
82,content,4.0
82,content,4.5
82,content,5.0
82,content,2.0
82,content,4.0
82,content,4.0
82,content,2.0
82,content,2.0
82,content,4.5
82,fluency,0.857
82,fluency,4.5
82,fluency,4.0
82,fluency,4.5
82,fluency,0.714
82,fluency,4.0
82,fluency,4.0
82,fluency,4.0
82,fluency,4.0
82,fluency,4.5
82,fluency,4.5
83,style,4.0
83,style,0.0
83,style,4.5
83,style,4.0
83,style,4.0
83,style,4.0
83,style,4.5
83,style,4.0
83,style,4.0
83,style,4.5
83,style,4.0
83,content,4.0
83,content,2.5
83,content,5.0
83,content,4.5
83,content,4.0
83,content,4.0
83,content,4.0
83,content,4.0
83,content,2.0
83,content,2.0
83,content,4.5
83,fluency,0.5
83,fluency,4.5
83,fluency,4.5
83,fluency,4.5
83,fluency,0.875
83,fluency,4.0
83,fluency,4.5
83,fluency,4.0
83,fluency,1.0
83,fluency,4.5
83,fluency,4.0
84,style,4.0
84,style,0.0
84,style,4.0
84,style,4.0
84,style,4.0
84,style,4.0
84,style,4.5
84,style,4.0
84,style,4.0
84,style,4.0
84,style,4.0
84,content,4.0
84,content,4.5
84,content,4.0
84,content,5.0
84,content,5.0
84,content,1.0
84,content,4.0
84,content,4.0
84,content,2.0
84,content,2.0
84,content,4.5
84,fluency,0.857
84,fluency,5.0
84,fluency,4.0
84,fluency,4.5
84,fluency,0.875
84,fluency,4.0
84,fluency,4.5
84,fluency,4.5
84,fluency,4.0
84,fluency,4.5
84,fluency,1.0
85,style,4.0
85,style,0.571
85,style,4.5
85,style,4.0
85,style,4.0
85,style,4.5
85,style,4.5
85,style,4.0
85,style,4.0
85,style,4.5
85,style,4.0
85,content,4.0
85,content,2.5
85,content,4.0
85,content,4.5
85,content,3.0
85,content,4.0
85,content,2.0
85,content,2.0
85,content,2.0
85,content,2.0
85,content,4.5
85,fluency,0.714
85,fluency,4.5
85,fluency,4.5
85,fluency,4.5
85,fluency,0.875
85,fluency,4.0
85,fluency,4.0
85,fluency,4.5
85,fluency,3.0
85,fluency,4.5
85,fluency,4.0
86,style,5.0
86,style,0.857
86,style,4.5
86,style,5.0
86,style,5.0
86,style,4.0
86,style,4.0
86,style,4.0
86,style,4.0
86,style,5.0
86,style,5.0
86,content,5.0
86,content,4.5
86,content,4.0
86,content,4.5
86,content,3.0
86,content,4.0
86,content,1.0
86,content,1.0
86,content,2.0
86,content,2.0
86,content,4.5
86,fluency,0.333
86,fluency,4.5
86,fluency,1.0
86,fluency,4.5
86,fluency,0.5
86,fluency,4.0
86,fluency,2.0
86,fluency,1.0
86,fluency,1.0
86,fluency,4.5
86,fluency,5.0
87,style,5.0
87,style,1.0
87,style,4.0
87,style,5.0
87,style,5.0
87,style,4.0
87,style,5.0
87,style,4.0
87,style,5.0
87,style,5.0
87,style,5.0
87,content,5.0
87,content,3.5
87,content,4.0
87,content,4.0
87,content,3.0
87,content,4.0
87,content,4.0
87,content,4.0
87,content,2.0
87,content,2.0
87,content,4.5
87,fluency,0.0
87,fluency,4.5
87,fluency,3.0
87,fluency,4.5
87,fluency,0.2
87,fluency,4.0
87,fluency,2.5
87,fluency,4.0
87,fluency,1.0
87,fluency,4.5
87,fluency,4.0
88,style,4.0
88,style,0.333
88,style,4.5
88,style,4.0
88,style,4.0
88,style,4.0
88,style,4.5
88,style,4.0
88,style,4.0
88,style,4.0
88,style,4.0
88,content,4.0
88,content,2.5
88,content,5.0
88,content,4.5
88,content,5.0
88,content,4.0
88,content,4.0
88,content,4.333
88,content,2.0
88,content,2.0
88,content,4.5
88,fluency,0.857
88,fluency,4.5
88,fluency,4.0
88,fluency,4.5
88,fluency,0.714
88,fluency,4.0
88,fluency,4.5
88,fluency,4.0
88,fluency,4.0
88,fluency,4.5
88,fluency,4.0
89,style,4.0
89,style,0.0
89,style,4.0
89,style,4.0
89,style,4.0
89,style,4.0
89,style,4.0
89,style,4.0
89,style,4.0
89,style,4.0
89,style,4.0
89,content,4.0
89,content,4.5
89,content,4.0
89,content,5.0
89,content,5.0
89,content,1.0
89,content,5.0
89,content,5.0
89,content,2.0
89,content,3.0
89,content,4.5
89,fluency,1.0
89,fluency,4.5
89,fluency,4.5
89,fluency,4.5
89,fluency,0.875
89,fluency,5.0
89,fluency,4.5
89,fluency,4.5
89,fluency,1.0
89,fluency,4.5
89,fluency,5.0
90,style,4.0
90,style,0.714
90,style,4.5
90,style,4.0
90,style,4.0
90,style,4.0
90,style,4.0
90,style,4.0
90,style,4.0
90,style,4.5
90,style,4.0
90,content,4.0
90,content,3.5
90,content,4.0
90,content,4.5
90,content,4.0
90,content,4.0
90,content,2.0
90,content,4.0
90,content,2.0
90,content,2.0
90,content,4.5
90,fluency,0.5
90,fluency,4.5
90,fluency,4.5
90,fluency,4.5
90,fluency,0.875
90,fluency,4.0
90,fluency,4.5
90,fluency,4.0
90,fluency,2.0
90,fluency,4.5
90,fluency,3.0
91,style,4.0
91,style,0.875
91,style,4.5
91,style,5.0
91,style,5.0
91,style,4.5
91,style,4.0
91,style,4.0
91,style,4.0
91,style,5.0
91,style,5.0
91,content,5.0
91,content,2.5
91,content,5.0
91,content,4.0
91,content,5.0
91,content,4.0
91,content,1.0
91,content,1.0
91,content,2.0
91,content,2.0
91,content,4.5
91,fluency,1.0
91,fluency,4.5
91,fluency,4.5
91,fluency,4.5
91,fluency,0.875
91,fluency,5.0
91,fluency,4.5
91,fluency,1.0
91,fluency,1.0
91,fluency,4.5
91,fluency,5.0
92,style,5.0
92,style,0.857
92,style,4.5
92,style,5.0
92,style,5.0
92,style,4.0
92,style,4.0
92,style,4.0
92,style,5.0
92,style,5.0
92,style,5.0
92,content,5.0
92,content,2.5
92,content,4.0
92,content,4.0
92,content,1.0
92,content,4.0
92,content,1.0
92,content,1.0
92,content,2.0
92,content,2.0
92,content,4.5
92,fluency,0.0
92,fluency,3.5
92,fluency,1.0
92,fluency,1.0
92,fluency,0.125
92,fluency,4.0
92,fluency,1.0
92,fluency,1.0
92,fluency,1.0
92,fluency,4.5
92,fluency,1.0
93,style,4.0
93,style,0.333
93,style,4.5
93,style,4.0
93,style,4.0
93,style,4.0
93,style,4.5
93,style,4.0
93,style,4.0
93,style,4.5
93,style,4.0
93,content,4.0
93,content,4.5
93,content,4.0
93,content,4.5
93,content,5.0
93,content,4.0
93,content,4.0
93,content,4.0
93,content,3.0
93,content,2.0
93,content,4.5
93,fluency,0.857
93,fluency,4.5
93,fluency,4.0
93,fluency,4.5
93,fluency,0.625
93,fluency,4.0
93,fluency,4.5
93,fluency,4.5
93,fluency,2.0
93,fluency,4.5
93,fluency,4.0
94,style,4.0
94,style,0.857
94,style,4.5
94,style,5.0
94,style,4.0
94,style,4.0
94,style,4.0
94,style,4.0
94,style,4.0
94,style,4.5
94,style,4.0
94,content,4.0
94,content,3.5
94,content,4.0
94,content,4.5
94,content,3.0
94,content,4.0
94,content,2.0
94,content,2.5
94,content,2.0
94,content,2.0
94,content,4.5
94,fluency,0.0
94,fluency,4.5
94,fluency,4.0
94,fluency,2.5
94,fluency,0.125
94,fluency,4.0
94,fluency,4.5
94,fluency,4.0
94,fluency,1.0
94,fluency,4.5
94,fluency,1.0
95,style,4.0
95,style,1.0
95,style,4.5
95,style,4.0
95,style,4.0
95,style,4.0
95,style,4.5
95,style,4.0
95,style,4.0
95,style,5.0
95,style,4.0
95,content,4.0
95,content,2.5
95,content,5.0
95,content,4.0
95,content,5.0
95,content,4.0
95,content,4.0
95,content,4.0
95,content,2.0
95,content,3.0
95,content,4.5
95,fluency,0.857
95,fluency,4.5
95,fluency,4.5
95,fluency,4.5
95,fluency,0.875
95,fluency,4.0
95,fluency,4.0
95,fluency,4.5
95,fluency,3.0
95,fluency,4.5
95,fluency,4.0
96,style,4.0
96,style,0.857
96,style,4.0
96,style,4.0
96,style,4.0
96,style,4.0
96,style,4.0
96,style,4.0
96,style,4.0
96,style,4.0
96,style,4.0
96,content,4.0
96,content,4.5
96,content,5.0
96,content,4.5
96,content,4.0
96,content,4.0
96,content,4.0
96,content,4.0
96,content,2.0
96,content,2.0
96,content,4.5
96,fluency,0.875
96,fluency,4.5
96,fluency,4.5
96,fluency,4.5
96,fluency,0.5
96,fluency,4.0
96,fluency,4.5
96,fluency,1.0
96,fluency,1.0
96,fluency,4.5
96,fluency,1.0
97,style,4.0
97,style,0.0
97,style,4.0
97,style,4.0
97,style,4.0
97,style,4.5
97,style,4.5
97,style,4.0
97,style,4.0
97,style,4.5
97,style,4.0
97,content,4.0
97,content,4.5
97,content,5.0
97,content,5.0
97,content,5.0
97,content,4.0
97,content,5.0
97,content,4.0
97,content,3.0
97,content,2.0
97,content,4.5
97,fluency,1.0
97,fluency,4.5
97,fluency,4.0
97,fluency,4.5
97,fluency,0.625
97,fluency,4.0
97,fluency,4.5
97,fluency,3.0
97,fluency,1.0
97,fluency,4.5
97,fluency,4.0
98,style,4.0
98,style,0.333
98,style,4.5
98,style,4.0
98,style,4.0
98,style,4.0
98,style,4.0
98,style,4.0
98,style,4.0
98,style,4.0
98,style,4.0
98,content,4.0
98,content,4.5
98,content,5.0
98,content,4.5
98,content,4.0
98,content,4.0
98,content,2.0
98,content,2.0
98,content,2.0
98,content,2.0
98,content,4.5
98,fluency,0.857
98,fluency,4.5
98,fluency,4.0
98,fluency,5.0
98,fluency,1.0
98,fluency,4.0
98,fluency,4.0
98,fluency,4.0
98,fluency,4.0
98,fluency,4.5
98,fluency,5.0
99,style,4.0
99,style,0.143
99,style,4.5
99,style,4.0
99,style,4.5
99,style,4.0
99,style,4.5
99,style,4.0
99,style,4.0
99,style,4.5
99,style,4.0
99,content,4.0
99,content,4.5
99,content,4.0
99,content,4.5
99,content,5.0
99,content,4.0
99,content,4.0
99,content,4.0
99,content,3.0
99,content,2.0
99,content,4.5
99,fluency,0.857
99,fluency,4.5
99,fluency,4.5
99,fluency,4.5
99,fluency,0.8
99,fluency,4.0
99,fluency,4.5
99,fluency,4.0
99,fluency,4.0
99,fluency,4.5
99,fluency,4.5
